Entity,Code,Year,Up to 29 years,30-44 years,45-59 years,60+ years
Afghanistan,AFG,2023,1.827,1.617,1.681,1.456
Albania,ALB,2023,6.358,5.289,4.704,4.643
Algeria,DZA,2023,5.379,5.29,5.261,5.631
Argentina,ARG,2023,6.746,6.119,5.676,5.948
Armenia,ARM,2023,6.245,5.448,5.032,4.865
Australia,AUS,2023,7.013,6.941,6.953,7.304
Austria,AUT,2023,7.142,6.852,6.738,6.939
Azerbaijan,AZE,2023,5.352,4.868,4.554,4.417
Bahrain,BHR,2023,6.034,5.927,5.998,5.64
Bangladesh,BGD,2023,4.2,3.608,3.576,4.124
Belgium,BEL,2023,6.947,6.95,6.857,6.842
Benin,BEN,2023,4.665,4.118,3.986,4.206
Bolivia,BOL,2023,6.157,5.635,5.338,5.565
Bosnia and Herzegovina,BIH,2023,6.746,5.875,5.654,5.241
Botswana,BWA,2023,4.012,3.312,2.717,2.528
Brazil,BRA,2023,6.436,6.295,6.156,6.124
Bulgaria,BGR,2023,6.621,5.805,5.408,4.775
Burkina Faso,BFA,2023,4.601,4.608,4.284,4.505
Cambodia,KHM,2023,4.699,4.044,4.144,4.401
Cameroon,CMR,2023,4.996,4.875,4.688,4.428
Canada,CAN,2023,6.439,6.68,6.931,7.343
Chad,TCD,2023,4.462,4.461,4.397,4.689
Chile,CHL,2023,6.662,6.588,6.137,5.946
China,CHN,2023,5.949,5.855,5.892,6.359
Colombia,COL,2023,6.035,5.589,5.512,5.393
Comoros,COM,2023,4.111,3.062,3.244,3.305
Congo,COG,2023,5.574,4.945,4.977,4.918
Costa Rica,CRI,2023,7.15,6.93,6.697,6.932
Cote d'Ivoire,CIV,2023,5.251,5.066,4.802,4.682
Croatia,HRV,2023,7.116,6.198,5.851,5.137
Cyprus,CYP,2023,6.525,6.185,5.737,5.665
Czechia,CZE,2023,7.198,6.962,6.698,6.591
Democratic Republic of Congo,COD,2023,3.441,3.18,3.235,2.703
Denmark,DNK,2023,7.329,7.506,7.496,7.916
Dominican Republic,DOM,2023,6.407,5.811,5.321,5.269
Ecuador,ECU,2023,6.437,5.582,5.024,4.927
Egypt,EGY,2023,4.126,3.894,3.833,3.969
El Salvador,SLV,2023,7.057,6.432,6.099,5.716
Estonia,EST,2023,6.599,6.717,6.419,6.164
Eswatini,SWZ,2023,3.894,3.289,3.064,3.075
Ethiopia,ETH,2023,4.125,3.538,3.839,3.563
Finland,FIN,2023,7.3,7.688,7.903,7.912
France,FRA,2023,6.561,6.74,6.645,6.524
Gabon,GAB,2023,5.477,4.904,4.672,4.457
Gambia,GMB,2023,4.735,4.147,4.29,4.346
Georgia,GEO,2023,6.031,5.148,4.97,4.719
Germany,DEU,2023,6.578,6.928,6.616,6.734
Ghana,GHA,2023,4.426,4.265,4.206,3.839
Greece,GRC,2023,6.502,5.958,5.916,5.534
Guatemala,GTM,2023,6.548,6.263,5.929,5.887
Guinea,GIN,2023,5.106,5.015,4.678,5.128
Honduras,HND,2023,6.462,5.798,5.42,5.645
Hong Kong,HKG,2023,5.329,5.207,5.428,5.297
Hungary,HUN,2023,6.72,6.171,6.032,5.474
Iceland,ISL,2023,7.598,7.368,7.564,7.585
India,IND,2023,4.281,3.757,4.011,4.095
Indonesia,IDN,2023,6.089,5.497,5.167,5.159
Iran,IRN,2023,5.331,4.88,4.519,4.596
Iraq,IRQ,2023,5.486,4.964,4.811,4.684
Ireland,IRL,2023,6.954,6.751,6.714,6.932
Israel,ISR,2023,7.667,7.517,7.175,6.854
Italy,ITA,2023,6.618,6.602,6.171,6.119
Jamaica,JAM,2023,5.826,5.914,6.034,5.529
Japan,JPN,2023,6.232,5.9,5.957,6.146
Jordan,JOR,2023,4.667,3.949,3.487,4.024
Kazakhstan,KAZ,2023,6.324,6.195,6.136,6
Kenya,KEN,2023,4.906,4.082,3.904,4.134
Kosovo,OWID_KOS,2023,6.949,6.45,6.341,6.096
Kuwait,KWT,2023,7.104,6.821,6.974,7.154
Kyrgyzstan,KGZ,2023,5.935,5.538,5.571,5.687
Laos,LAO,2023,5.091,5.057,5.34,5.256
Latvia,LVA,2023,6.766,6.628,6.03,5.811
Lebanon,LBN,2023,2.997,2.664,2.51,2.49
Lesotho,LSO,2023,3.7,2.991,2.464,2.808
Liberia,LBR,2023,4.67,3.849,3.712,4.534
Libya,LBY,2023,5.937,5.72,5.966,5.835
Lithuania,LTU,2023,7.759,7.217,6.714,5.965
Luxembourg,LUX,2023,7.301,6.977,7.069,7.214
Madagascar,MDG,2023,4.334,3.979,4.246,4.416
Malawi,MWI,2023,3.71,2.992,3.138,3.498
Malaysia,MYS,2023,6.372,5.865,5.804,5.418
Mali,MLI,2023,4.332,4.07,4.225,4.211
Malta,MLT,2023,6.452,6.353,6.209,6.353
Mauritania,MRT,2023,4.517,4.431,4.501,4.691
Mauritius,MUS,2023,5.791,5.599,5.679,6.388
Mexico,MEX,2023,6.954,6.822,6.368,6.287
Moldova,MDA,2023,6.786,6.004,5.661,4.896
Mongolia,MNG,2023,5.758,5.66,5.666,5.701
Montenegro,MNE,2023,6.536,5.98,5.534,4.674
Morocco,MAR,2023,5.281,4.599,4.493,4.293
Mozambique,MOZ,2023,5.352,5.28,4.796,4.804
Myanmar,MMR,2023,4.354,4.211,4.515,4.626
Namibia,NAM,2023,5.089,4.665,4.662,4.285
Nepal,NPL,2023,5.467,4.875,4.843,5.259
Netherlands,NLD,2023,7.248,7.347,7.316,7.36
New Zealand,NZL,2023,6.859,6.851,6.914,7.39
Nicaragua,NIC,2023,6.789,6.107,5.757,5.904
Niger,NER,2023,4.616,4.541,4.297,4.634
Nigeria,NGA,2023,4.906,4.974,5.043,3.72
North Macedonia,MKD,2023,6.329,5.607,5.134,4.658
Norway,NOR,2023,6.995,7.227,7.255,7.66
Pakistan,PAK,2023,4.949,4.589,4.302,4.03
Palestine,PSE,2023,5.12,4.781,4.466,4.643
Panama,PAN,2023,6.883,6.334,6.142,5.687
Paraguay,PRY,2023,6.715,5.94,5.371,5.013
Peru,PER,2023,6.382,5.875,5.295,5.313
Philippines,PHL,2023,6.305,5.85,5.856,5.976
Poland,POL,2023,6.605,6.553,6.655,6.051
Portugal,PRT,2023,6.588,6.173,6.067,5.571
Romania,ROU,2023,7.284,6.696,6.303,5.902
Russia,RUS,2023,6.328,5.976,5.338,5.544
Saudi Arabia,SAU,2023,6.617,6.408,6.892,6.431
Senegal,SEN,2023,5.266,4.86,4.652,4.366
Serbia,SRB,2023,7.658,6.656,6.101,5.696
Sierra Leone,SLE,2023,3.225,3.217,3.247,3.471
Singapore,SGP,2023,6.484,6.491,6.645,6.477
Slovakia,SVK,2023,6.674,6.585,6.22,5.641
Slovenia,SVN,2023,7.111,7.087,6.641,6.31
South Africa,ZAF,2023,5.65,5.369,5.281,5.083
South Korea,KOR,2023,6.503,6.267,5.928,5.642
Spain,ESP,2023,6.463,6.394,6.483,6.363
Sri Lanka,LKA,2023,4.339,3.704,3.658,3.772
Sweden,SWE,2023,7.026,7.142,7.503,7.588
Switzerland,CHE,2023,7.138,7.095,6.948,7.084
Taiwan,TWN,2023,6.908,6.497,6.406,6.284
Tajikistan,TJK,2023,5.5,5.208,5.121,4.888
Tanzania,TZA,2023,4.161,3.365,3.328,3.826
Thailand,THA,2023,6.597,5.829,5.543,6.001
Togo,TGO,2023,4.323,4.06,4.389,3.79
Tunisia,TUN,2023,4.56,4.381,4.471,4.167
Turkey,TUR,2023,5.173,4.934,4.939,4.694
Uganda,UGA,2023,4.718,4.108,3.898,3.403
Ukraine,UKR,2023,5.907,5.161,4.449,4.279
United Arab Emirates,ARE,2023,6.732,6.696,6.83,7.248
United Kingdom,GBR,2023,6.754,6.689,6.72,6.812
United States,USA,2023,6.392,6.346,6.748,7.258
Uruguay,URY,2023,6.775,6.746,6.315,6.561
Uzbekistan,UZB,2023,6.283,5.912,6.224,6.633
Venezuela,VEN,2023,5.896,5.578,5.233,5.57
Vietnam,VNM,2023,6.363,6.023,5.936,5.521
Yemen,YEM,2023,3.822,3.251,3.137,3.74
Zambia,ZMB,2023,3.794,3.509,2.891,2.484
Zimbabwe,ZWE,2023,3.661,3.167,2.863,3.021